袪褋械褌袙芯谢 邪芯;B;MRKV;1;0.01
袪芯褋褋械褌懈 校褉;B;MRKU;1;0.01
袪小械褌懈笑袩 ao;B;MRKP;1;0.01
袪小械褌懈袦袪 ao;B;MSRS;1;0.01
袦袚袣袥;B;MGKL;1;0.01
效械褉泻懈蟹袚-邪芯;B;GCHE;1;0.01
袥械薪褌邪 邪芯;B;LENT;1;0.01
T-孝械褏薪芯 ao;B;T;1;0.01
小斜械褉斜邪薪泻;B;SBER;1;0.01
袪小械褌懈袥协;B;LSNG;1;0.01
袦芯褋袘懈褉卸邪;B;MOEX;1;0.01
袪芯褋薪械褎褌褜;B;ROSN;1;0.01
袙袠.褉褍;B;VSEH;1;0.01
孝褉邪薪褋薪褎 邪锌;B;TRNFP;1;0.01
袩芯谢褞褋;B;PLZL;1;0.01
袧袦孝袩 ao;B;NMTP;1;0.01
袚袦袣袧芯褉袧懈泻;B;GMKN;1;0.01
袚袗袟袩袪袨袦 ao;B;GAZP;1;0.01
孝邪褌薪褎褌 袟ao;B;TATN;1;0.01
袣笑 袠袣小 5;B;X5;1;0.01
协袥5协薪械褉 ao;B;ELFV;1;0.01
袪芯褋褋笑械薪褌褉;B;MRKC;1;0.01
袧芯胁邪褌褝泻 ao;B;NVTK;1;0.01
啸褝写褏邪薪褌械褉;B;HEAD;1;0.01
携袧袛袝袣小;B;YDEX;1;0.01
袟邪泄屑械褉 邪芯;B;ZAYM;1;0.01
袨蟹芯薪;B;OZON;1;0.01
MDMG-邪芯;B;MDMG;1;0.01
袩袠袣 邪芯;B;PIKK;1;0.01
i袗褉械薪邪写邪褌邪;B;DATA;1;0.01
i袩芯蟹懈褌懈胁;B;POSI;1;0.01
袙孝袘 邪芯;B;VTBR;1;0.01
袧袥袦袣 ao;B;NLMK;1;0.01
袥校袣袨袡袥;B;LKOH;1;0.01
袦孝小-邪芯;B;MTSS;1;0.01
袠薪褌械褉袪袗袨邪芯;B;IRAO;1;0.01
孝邪褌褌械谢. ao;B;TTLK;1;0.01
袘邪褕薪械褎褌褜 邪芯;B;BANE;1;0.01
袪芯褋褌械谢 -邪芯;B;RTKM;1;0.01
小懈褋褌械屑邪 邪芯;B;AFKS;1;0.01
袣褍泄斜邪蟹芯褌;B;KAZT;1;0.01
袧芯胁邪袘械胁 邪芯;B;BELU;1;0.01
协袧+袚袪校袩 ao;B;ENPG;1;0.01
袦袣袩袗袨 挟袦袚;B;GEMC;1;0.01
袧袣啸袩 ao;B;NKHP;1;0.01
袚邪蟹锌褉芯屑薪械褎褌褜;B;SIBN;1;0.01
小芯胁泻芯屑褎谢芯褌;B;FLOT;1;0.01
袪校小袗袥 ao;B;RUAL;1;0.01
啸协袧袛袝袪小袨袧;B;HNFG;1;0.01
袪芯褋褋械褌懈;B;FEES;1;0.01
袙小袦袩袨-袗袙小袦;B;VSMO;1;0.01
袪褍褋袚懈写褉芯;B;HYDR;1;0.01
袠袧袗袪袣孝袠袣袗;B;AQUA;1;0.01
袗褝褉芯褎谢芯褌;B;AFLT;1;0.01
袧袣袧啸 ao;B;NKNC;1;0.01
袥小袪 ao;B;LSRG;1;0.01
袛袙袦袩 ao;B;FESH;1;0.01
MMK;B;MAGN;1;0.01
肖芯褋袗谐褉芯 ao;B;PHOR;1;0.01
袪邪褋锌邪写褋泻邪褟;B;RASP;1;0.01
袪械薪械褋褋邪薪褋;B;RENI;1;0.01
袪褍褋邪谐褉芯;B;RAGR;1;0.01
袦邪谐薪懈褌 ao;B;MGNT;1;0.01
袗泻褉芯薪;B;AKRN;1;0.01
袦袣袩袗袨 VK;B;VKCO;1;0.01
i小芯褎谢邪泄薪;B;SOFL;1;0.01
袨褉谐小懈薪褌 ao;B;KZOS;1;0.01
袚孝袦 ao;B;GTRK;1;0.01
小械谢懈谐写邪褉;B;SELG;1;0.01
小械胁小褌-邪芯;B;CHMF;1;0.01
i袠袙袗;B;IVAT;1;0.01
袗袥袪袨小袗 ao;B;ALRS;1;0.01
袦.胁懈写械芯;B;MVID;1;0.01
小袨袥袥袝袪小;B;SVAV;1;0.01
i袙校楔啸芯谢写薪谐;B;WUSH;1;0.01
TMK ao;B;TRMK;1;0.01
袪褍褋褋袧褎褌 ao;B;RNFT;1;0.01
袝胁褉芯孝褉邪薪褋;B;EUTR;1;0.01
袣袗袦袗袟;B;KMAZ;1;0.01
小械谐械卸邪;B;SGZH;1;0.01
袦械褔械谢 ao;B;MTLR;1;0.01
小邪屑芯谢械褌 ao;B;SMLT;1;0.01
