ИННОВАЦИОННЫЕ СИСТЕМЫ ПОЖАРОБЕЗОПАСНОСТИ-001P-01;B;RU000A10FAL4;1;0.01
Л-СТАРТ-002Р-01;B;RU000A10F7K2;1;0.01
БРУСНИКА. СТРОИТЕЛЬСТВО И ДЕВЕЛОПМЕНТ-002Р-08;B;RU000A10F6Y5;1;0.01
АГРОКЛУБ-БО-01;B;RU000A10EXS4;1;0.01
СЕЛИГДАР-001Р-11;B;RU000A10EXW6;1;0.01
ЗАО ПРОГРЕСС-001Р-01;B;RU000A10EXG9;1;0.01
ИНТЕРФУДГРУПП-БО-01;B;RU000A10EX35;1;0.01
ПОЧТА РОССИИ-003P-05;B;RU000A10EWL1;1;0.01
ОБЪЕДИНЕННАЯ ДВИГАТЕЛЕСТРОИТЕЛЬНАЯ КОРПОРАЦИЯ-001P-01;B;RU000A10ES32;1;0.01
ФОСАГРО-БО-02-06;B;RU000A10ER66;1;0.01
ПЕРВЫЙ ЮВЕЛИРНЫЙ ЛОМБАРД-БО-02;B;RU000A10EQE8;1;0.01
Л-СТАРТ-001Р-1;B;RU000A10E6G3;1;0.01
ХРОМОС ИНЖИНИРИНГ-БО-04;B;RU000A10E283;1;0.01
СЕЛО ЗЕЛЁНОЕ ХОЛДИНГ-001P-02;B;RU000A10DQ68;1;0.01
АФК СИСТЕМА-002Р-06;B;RU000A10DPW4;1;0.01
АТОМЭНЕРГОПРОМ-001Р-09;B;RU000A10DPS2;1;0.01
ГРУППА ПРОДОВОЛЬСТВИЕ-БО-02;B;RU000A10DPJ1;1;0.01
КАМАЗ-БО-П18;B;RU000A10DP93;1;0.01
ПЕРВЫЙ КОНТЕЙНЕРНЫЙ ТЕРМИНАЛ-002Р-01;B;RU000A10DJH8;1;0.01
ИНАРКТИКА-002Р-04;B;RU000A10DHX9;1;0.01
ПЭТ ПЛАСТ-001P-01;B;RU000A10D4S4;1;0.01
РЖД-001P-47R;B;RU000A10D541;1;0.01
СЕЛИГДАР-001Р-06;B;RU000A10D3S6;1;0.01
ГЕЛЬТЕК-МЕДИКА-БО-01;B;RU000A10D3G1;1;0.01
РУСГИДРО-БО-002Р-08;B;RU000A10D3C0;1;0.01
ПОЧТА РОССИИ-003P-01;B;RU000A10D3J5;1;0.01
АТОМЭНЕРГОПРОМ-001Р-08;B;RU000A10CT33;1;0.01
ОРГАНИК ПАРК-БО-П02;B;RU000A10CS83;1;0.01
ЭЛЕКТРОАППАРАТ-БО-03;B;RU000A10CPB0;1;0.01
МГКЛ-001Р-08;B;RU000A10C6U6;1;0.01
СЕЛИГДАР-001Р-04;B;RU000A10C5L7;1;0.01
УРАЛКУЗ-001Р-01;B;RU000A10C6M3;1;0.01
ГТЛК-002Р-09;B;RU000A10C6F7;1;0.01
АТОМЭНЕРГОПРОМ-001Р-07;B;RU000A10C6L5;1;0.01
АВТО ФИНАНС БАНК-БО-001Р-15;B;RU000A10C6P6;1;0.01
ВУШ-001Р-04;B;RU000A10BS76;1;0.01
РОСТЕЛЕКОМ-001Р-17R;B;RU000A10BSL5;1;0.01
ЭЙЧ ЭФ ДЖИ-001P-01;B;RU000A10BQC8;1;0.01
ГТЛК-002Р-08;B;RU000A10BQB0;1;0.01
СОПФ ДОМ.РФ-13;B;RU000A10BPQ0;1;0.01
АСФАЛЬТОБЕТОННЫЙ ЗАВОД № 1-002Р-03;B;RU000A10BNM4;1;0.01
ЭНЕРГОНИКА-001P-06;B;RU000A10BNK8;1;0.01
РУСГИДРО-БО-П13;B;RU000A10BNF8;1;0.01
РЕГИОН-ПРОДУКТ-БО-01;B;RU000A10BLP1;1;0.01
СИБИРСКИЙ КХП-001P-03;B;RU000A10BHX3;1;0.01
Атомэнпр05;B;RU000A10BFG2;1;0.01
Новотр 1Р6;B;RU000A10BBE6;1;0.01
ПолиплП2Б4;B;RU000A10BFJ6;1;0.01
НОВЫЕ ТЕХНОЛОГИИ-001P-05;B;RU000A10BFK4;1;0.01
ГК САМОЛЕТ-БО-П16;B;RU000A10BFX7;1;0.01
ГТЛК1P-12;B;RU000A0ZZV11;1;0.01
ГТЛК1P-08;B;RU000A0ZYR91;1;0.01
АльфаБО-18;B;RU000A0JX5W4;1;0.01
ЕвропланБ6;B;RU000A100DG5;1;0.01
СовкомБОП1;B;RU000A100DZ5;1;0.01
ЕвропланБ3;B;RU000A100W60;1;0.01
ВЭБ1P-18;B;RU000A1013P1;1;0.01
СУЭК-Ф1P5R;B;RU000A101CQ4;1;0.01
СЭЗ1P2;B;RU000A102556;1;0.01
АртгнБО01;B;RU000A103DT2;1;0.01
РегПрод1Р2;B;RU000A103NE3;1;0.01
СлавЭКО1Р1;B;RU000A103WB0;1;0.01
Новотр1Р3;B;RU000A105CM4;1;0.01
СИБАВТО1Р2;B;RU000A106CB5;1;0.01
РКС2Р3;B;RU000A106DV1;1;0.01
МИКРАН БО1;B;RU000A106F08;1;0.01
ТГК-14 1Р2;B;RU000A106MW0;1;0.01
АСВ 1Р01;B;RU000A106RB3;1;0.01
СМАК БП02;B;RU000A106UA9;1;0.01
ЭлАп БО-02;B;RU000A106UL6;1;0.01
АЛЬЯНС 1P2;B;RU000A106XJ4;1;0.01
